{"cameraMode":{"drawMode":0,"name":"Shaded","section":"Shading Mode"},"sceneLighting":false,"audioPlay":false,"sceneViewState":{"m_AlwaysRefresh":false,"showFog":true,"showSkybox":false,"showFlares":true,"showImageEffects":true,"showParticleSystems":true,"showVisualEffectGraphs":true,"m_FxEnabled":true},"in2DMode":false,"pivot":{"x":-3.2719390392303469,"y":3.982898235321045,"z":0.20919573307037354},"rotation":{"x":-0.1139298751950264,"y":-0.03858819976449013,"z":0.00713795330375433,"w":-0.9932169914245606},"size":0.3468080461025238,"orthographic":false}