{"cameraMode":{"drawMode":0,"name":"Shaded","section":"Shading Mode"},"sceneLighting":false,"audioPlay":false,"sceneViewState":{"m_AlwaysRefresh":false,"showFog":true,"showSkybox":false,"showFlares":true,"showImageEffects":true,"showParticleSystems":true,"showVisualEffectGraphs":true,"m_FxEnabled":true},"in2DMode":false,"pivot":{"x":3.204317092895508,"y":-1.669184684753418,"z":2.8416805267333986},"rotation":{"x":0.32157737016677859,"y":-0.021865103393793107,"z":0.006677628960460424,"w":0.9471026659011841},"size":6.1061224937438969,"orthographic":false}