{"cameraMode":{"drawMode":0,"name":"Shaded","section":"Shading Mode"},"sceneLighting":true,"audioPlay":false,"sceneViewState":{"m_AlwaysRefresh":false,"showFog":true,"showSkybox":true,"showFlares":true,"showImageEffects":true,"showParticleSystems":true,"showVisualEffectGraphs":true,"m_FxEnabled":true},"in2DMode":false,"pivot":{"x":8.509833335876465,"y":-93.89012908935547,"z":103.00369262695313},"rotation":{"x":0.4445691406726837,"y":-0.020178120583295823,"z":0.009956399910151959,"w":0.895477294921875},"size":91.60447692871094,"orthographic":false}