{"cameraMode":{"drawMode":0,"name":"Shaded","section":"Shading Mode"},"sceneLighting":true,"audioPlay":false,"sceneViewState":{"m_AlwaysRefresh":false,"showFog":true,"showSkybox":true,"showFlares":true,"showImageEffects":true,"showParticleSystems":true,"showVisualEffectGraphs":true,"m_FxEnabled":true},"in2DMode":false,"pivot":{"x":28.783348083496095,"y":-98.31056213378906,"z":-130.26966857910157},"rotation":{"x":0.024979088455438615,"y":0.9451454877853394,"z":-0.31779563426971438,"w":0.07625915855169296},"size":93.19949340820313,"orthographic":false}