{"cameraMode":{"drawMode":0,"name":"Shaded","section":"Shading Mode"},"sceneLighting":true,"audioPlay":false,"sceneViewState":{"m_AlwaysRefresh":false,"showFog":true,"showSkybox":true,"showFlares":true,"showImageEffects":true,"showParticleSystems":true,"showVisualEffectGraphs":true,"m_FxEnabled":true},"in2DMode":false,"pivot":{"x":8.744627952575684,"y":3.1972522735595705,"z":-2.273606300354004},"rotation":{"x":0.3427395522594452,"y":0.0075274184346199039,"z":-0.002841411391273141,"w":0.9394875168800354},"size":12.152209281921387,"orthographic":false}