{"cameraMode":{"drawMode":0,"name":"Shaded","section":"Shading Mode"},"sceneLighting":true,"audioPlay":false,"sceneViewState":{"m_AlwaysRefresh":false,"showFog":true,"showSkybox":true,"showFlares":true,"showImageEffects":true,"showParticleSystems":true,"showVisualEffectGraphs":true,"m_FxEnabled":true},"in2DMode":false,"pivot":{"x":-1.8188166618347169,"y":-24.564098358154298,"z":-14.098630905151368},"rotation":{"x":0.22641219198703767,"y":0.09479743242263794,"z":-0.02214938774704933,"w":0.9691664576530457},"size":44.42530822753906,"orthographic":false}