{"cameraMode":{"drawMode":0,"name":"Shaded","section":"Shading Mode"},"sceneLighting":true,"audioPlay":false,"sceneViewState":{"m_AlwaysRefresh":false,"showFog":true,"showSkybox":true,"showFlares":true,"showImageEffects":true,"showParticleSystems":true,"showVisualEffectGraphs":true,"m_FxEnabled":true},"in2DMode":false,"pivot":{"x":3.0679702758789064,"y":-14.054798126220704,"z":0.39483070373535159},"rotation":{"x":0.5168617367744446,"y":-0.021405400708317758,"z":0.012830517254769802,"w":0.8558099269866943},"size":17.389217376708986,"orthographic":false}