{"cameraMode":{"drawMode":0,"name":"Shaded","section":"Shading Mode"},"sceneLighting":true,"audioPlay":false,"sceneViewState":{"m_AlwaysRefresh":false,"showFog":true,"showSkybox":true,"showFlares":true,"showImageEffects":true,"showParticleSystems":true,"showVisualEffectGraphs":true,"m_FxEnabled":true},"in2DMode":false,"pivot":{"x":-2.317657709121704,"y":0.1330043077468872,"z":7.965770721435547},"rotation":{"x":0.4900348484516144,"y":-0.13746531307697297,"z":0.07858008146286011,"w":0.8572343587875366},"size":12.384288787841797,"orthographic":false}