{"cameraMode":{"drawMode":0,"name":"Shaded","section":"Shading Mode"},"sceneLighting":true,"audioPlay":false,"sceneViewState":{"m_AlwaysRefresh":false,"showFog":true,"showSkybox":true,"showFlares":true,"showImageEffects":true,"showParticleSystems":true,"showVisualEffectGraphs":true,"m_FxEnabled":true},"in2DMode":false,"pivot":{"x":8.886270523071289,"y":-5.131453514099121,"z":1.134711742401123},"rotation":{"x":-0.4781445264816284,"y":0.0002987237530760467,"z":0.0014488024171441794,"w":-0.8787567615509033},"size":15.722148895263672,"orthographic":false}