{"cameraMode":{"drawMode":0,"name":"Shaded","section":"Shading Mode"},"sceneLighting":true,"audioPlay":false,"sceneViewState":{"m_AlwaysRefresh":false,"showFog":true,"showSkybox":true,"showFlares":true,"showImageEffects":true,"showParticleSystems":true,"showVisualEffectGraphs":true,"m_FxEnabled":true},"in2DMode":false,"pivot":{"x":9.220301628112793,"y":-31.830181121826173,"z":4.0392045974731449},"rotation":{"x":-0.5906261205673218,"y":-0.0028748316690325739,"z":0.0021572494879364969,"w":-0.8069878816604614},"size":36.58613967895508,"orthographic":false}