{"cameraMode":{"drawMode":0,"name":"Shaded","section":"Shading Mode"},"sceneLighting":true,"audioPlay":false,"sceneViewState":{"m_AlwaysRefresh":false,"showFog":true,"showSkybox":true,"showFlares":true,"showImageEffects":true,"showParticleSystems":true,"showVisualEffectGraphs":true,"m_FxEnabled":true},"in2DMode":false,"pivot":{"x":18.309804916381837,"y":0.051993370056152347,"z":7.896333694458008},"rotation":{"x":-0.2987394630908966,"y":0.013415495865046978,"z":-0.00371354166418314,"w":-0.954511821269989},"size":3.929673910140991,"orthographic":false}