{"cameraMode":{"drawMode":0,"name":"Shaded","section":"Shading Mode"},"sceneLighting":true,"audioPlay":false,"sceneViewState":{"m_AlwaysRefresh":false,"showFog":true,"showSkybox":true,"showFlares":true,"showImageEffects":true,"showParticleSystems":true,"showVisualEffectGraphs":true,"m_FxEnabled":true},"in2DMode":false,"pivot":{"x":1.1666078567504883,"y":-1.8926563262939454,"z":13.354354858398438},"rotation":{"x":0.348540723323822,"y":0.21511799097061158,"z":-0.08256158977746964,"w":0.9085676074028015},"size":11.005074501037598,"orthographic":false}