{"cameraMode":{"drawMode":0,"name":"Shaded","section":"Shading Mode"},"sceneLighting":true,"audioPlay":false,"sceneViewState":{"m_AlwaysRefresh":false,"showFog":true,"showSkybox":true,"showFlares":true,"showImageEffects":true,"showParticleSystems":true,"showVisualEffectGraphs":true,"m_FxEnabled":true},"in2DMode":false,"pivot":{"x":8.406963348388672,"y":-23.30034637451172,"z":-10.981346130371094},"rotation":{"x":-0.008642696775496006,"y":0.9090709686279297,"z":-0.41615957021713259,"w":-0.018809134140610696},"size":42.47439193725586,"orthographic":false}