{"cameraMode":{"drawMode":0,"name":"Shaded","section":"Shading Mode"},"sceneLighting":true,"audioPlay":false,"sceneViewState":{"m_AlwaysRefresh":false,"showFog":true,"showSkybox":true,"showFlares":true,"showImageEffects":true,"showParticleSystems":true,"showVisualEffectGraphs":true,"m_FxEnabled":true},"in2DMode":false,"pivot":{"x":8.411901473999024,"y":0.09301185607910156,"z":8.145593643188477},"rotation":{"x":0.3243112564086914,"y":-0.023702936246991159,"z":0.007875319570302964,"w":0.9458391666412354},"size":18.047054290771486,"orthographic":false}