{"cameraMode":{"drawMode":0,"name":"Shaded","section":"Shading Mode"},"sceneLighting":true,"audioPlay":false,"sceneViewState":{"m_AlwaysRefresh":false,"showFog":true,"showSkybox":true,"showFlares":true,"showImageEffects":true,"showParticleSystems":true,"showVisualEffectGraphs":true,"m_FxEnabled":true},"in2DMode":false,"pivot":{"x":-10.986282348632813,"y":15.603281021118164,"z":8.801907539367676},"rotation":{"x":-0.08539167046546936,"y":0.8322246074676514,"z":-0.13369935750961305,"w":-0.5313138365745544},"size":17.168874740600587,"orthographic":false}