{"cameraMode":{"drawMode":0,"name":"Shaded","section":"Shading Mode"},"sceneLighting":true,"audioPlay":false,"sceneViewState":{"m_AlwaysRefresh":false,"showFog":true,"showSkybox":true,"showFlares":true,"showImageEffects":true,"showParticleSystems":true,"showVisualEffectGraphs":true,"m_FxEnabled":true},"in2DMode":false,"pivot":{"x":5.632045745849609,"y":-10.938817977905274,"z":0.6050291061401367},"rotation":{"x":-0.6015260219573975,"y":-0.0055767749436199669,"z":0.004449027590453625,"w":-0.7990183234214783},"size":20.241323471069337,"orthographic":false}