{"cameraMode":{"drawMode":0,"name":"Shaded","section":"Shading Mode"},"sceneLighting":true,"audioPlay":false,"sceneViewState":{"m_AlwaysRefresh":false,"showFog":true,"showSkybox":true,"showFlares":true,"showImageEffects":true,"showParticleSystems":true,"showVisualEffectGraphs":true,"m_FxEnabled":true},"in2DMode":false,"pivot":{"x":-0.6399999856948853,"y":3.119999885559082,"z":0.9600000381469727},"rotation":{"x":0.5181381106376648,"y":-0.019273998215794565,"z":0.011609374545514584,"w":0.8550276160240173},"size":10.203570365905762,"orthographic":false}