{"cameraMode":{"drawMode":0,"name":"Shaded","section":"Shading Mode"},"sceneLighting":true,"audioPlay":false,"sceneViewState":{"m_AlwaysRefresh":false,"showFog":true,"showSkybox":true,"showFlares":true,"showImageEffects":true,"showParticleSystems":true,"showVisualEffectGraphs":true,"m_FxEnabled":true},"in2DMode":false,"pivot":{"x":-10.980000495910645,"y":-26.08717155456543,"z":50.689849853515628},"rotation":{"x":0.23892639577388764,"y":-0.12454711645841599,"z":0.030957091599702836,"w":0.9625519514083862},"size":38.757957458496097,"orthographic":false}