{"cameraMode":{"drawMode":0,"name":"Shaded","section":"Shading Mode"},"sceneLighting":true,"audioPlay":false,"sceneViewState":{"m_AlwaysRefresh":false,"showFog":true,"showSkybox":true,"showFlares":true,"showImageEffects":true,"showParticleSystems":true,"showVisualEffectGraphs":true,"m_FxEnabled":true},"in2DMode":false,"pivot":{"x":-20.699359893798829,"y":23.476947784423829,"z":30.220489501953126},"rotation":{"x":-0.18646980822086335,"y":-0.05079566314816475,"z":0.011578640900552273,"w":-0.9817088842391968},"size":50.980308532714847,"orthographic":false}