{"cameraMode":{"drawMode":0,"name":"Shaded","section":"Shading Mode"},"sceneLighting":true,"audioPlay":false,"sceneViewState":{"m_AlwaysRefresh":false,"showFog":true,"showSkybox":true,"showFlares":true,"showImageEffects":true,"showParticleSystems":true,"showVisualEffectGraphs":true,"m_FxEnabled":true},"in2DMode":false,"pivot":{"x":17.672012329101564,"y":0.000270843505859375,"z":-8.120360374450684},"rotation":{"x":0.5207937359809876,"y":0.010510371997952462,"z":-0.006414879113435745,"w":0.853628396987915},"size":6.716258525848389,"orthographic":false}