{"cameraMode":{"drawMode":0,"name":"Shaded","section":"Shading Mode"},"sceneLighting":true,"audioPlay":false,"sceneViewState":{"m_AlwaysRefresh":false,"showFog":true,"showSkybox":true,"showFlares":true,"showImageEffects":true,"showParticleSystems":true,"showVisualEffectGraphs":true,"m_FxEnabled":true},"in2DMode":false,"pivot":{"x":15.214733123779297,"y":-42.10042953491211,"z":46.62803268432617},"rotation":{"x":0.33797982335090639,"y":0.05649416893720627,"z":-0.021595316007733346,"w":0.9397867321968079},"size":51.456260681152347,"orthographic":false}