{"cameraMode":{"drawMode":0,"name":"Shaded","section":"Shading Mode"},"sceneLighting":true,"audioPlay":false,"sceneViewState":{"m_AlwaysRefresh":false,"showFog":true,"showSkybox":true,"showFlares":true,"showImageEffects":true,"showParticleSystems":true,"showVisualEffectGraphs":true,"m_FxEnabled":true},"in2DMode":false,"pivot":{"x":21.048099517822267,"y":10.524652481079102,"z":1.7991619110107422},"rotation":{"x":0.3426743447780609,"y":-0.15897361934185029,"z":0.05547252669930458,"w":0.9247854948043823},"size":12.49081039428711,"orthographic":false}