{"cameraMode":{"drawMode":0,"name":"Shaded","section":"Shading Mode"},"sceneLighting":true,"audioPlay":false,"sceneViewState":{"m_AlwaysRefresh":false,"showFog":true,"showSkybox":true,"showFlares":true,"showImageEffects":true,"showParticleSystems":true,"showVisualEffectGraphs":true,"m_FxEnabled":true},"in2DMode":false,"pivot":{"x":3.1357343196868898,"y":-48.96349334716797,"z":21.41836166381836},"rotation":{"x":-0.5195507407188416,"y":-0.01619230955839157,"z":0.010167337022721768,"w":-0.8544716238975525},"size":42.659568786621097,"orthographic":false}