{"cameraMode":{"drawMode":0,"name":"Shaded","section":"Shading Mode"},"sceneLighting":true,"audioPlay":false,"sceneViewState":{"m_AlwaysRefresh":false,"showFog":true,"showSkybox":true,"showFlares":true,"showImageEffects":true,"showParticleSystems":true,"showVisualEffectGraphs":true,"m_FxEnabled":true},"in2DMode":false,"pivot":{"x":343.5433044433594,"y":63.02854919433594,"z":73.39723205566406},"rotation":{"x":-0.37512826919555666,"y":0.013556797057390213,"z":-0.0035695182159543039,"w":-0.9275156259536743},"size":287.1105041503906,"orthographic":false}