{"cameraMode":{"drawMode":0,"name":"Shaded","section":"Shading Mode"},"sceneLighting":true,"audioPlay":false,"sceneViewState":{"m_AlwaysRefresh":false,"showFog":true,"showSkybox":true,"showFlares":true,"showImageEffects":true,"showParticleSystems":true,"showVisualEffectGraphs":true,"m_FxEnabled":true},"in2DMode":false,"pivot":{"x":30.523944854736329,"y":-0.22542572021484376,"z":-6.833385467529297},"rotation":{"x":-0.38208717107772829,"y":0.0009370702318847179,"z":0.0011959687108173967,"w":-0.9247722625732422},"size":16.662548065185548,"orthographic":false}