{"cameraMode":{"drawMode":0,"name":"Shaded","section":"Shading Mode"},"sceneLighting":true,"audioPlay":false,"sceneViewState":{"m_AlwaysRefresh":false,"showFog":true,"showSkybox":true,"showFlares":true,"showImageEffects":true,"showParticleSystems":true,"showVisualEffectGraphs":true,"m_FxEnabled":true},"in2DMode":false,"pivot":{"x":1.4038469791412354,"y":-5.399322509765625,"z":1.035874366760254},"rotation":{"x":0.5184430480003357,"y":0.006199033930897713,"z":-0.005014489404857159,"w":0.8555506467819214},"size":10.673383712768555,"orthographic":false}