{"cameraMode":{"drawMode":0,"name":"Shaded","section":"Shading Mode"},"sceneLighting":true,"audioPlay":false,"sceneViewState":{"m_AlwaysRefresh":false,"showFog":true,"showSkybox":true,"showFlares":true,"showImageEffects":true,"showParticleSystems":true,"showVisualEffectGraphs":true,"m_FxEnabled":true},"in2DMode":false,"pivot":{"x":6.3392815589904789,"y":-18.030799865722658,"z":13.346181869506836},"rotation":{"x":0.39987727999687197,"y":0.1310729682445526,"z":-0.05809389427304268,"w":0.9056746959686279},"size":19.896371841430665,"orthographic":false}