{"cameraMode":{"drawMode":0,"name":"Shaded","section":"Shading Mode"},"sceneLighting":true,"audioPlay":false,"sceneViewState":{"m_AlwaysRefresh":false,"showFog":true,"showSkybox":true,"showFlares":true,"showImageEffects":true,"showParticleSystems":true,"showVisualEffectGraphs":true,"m_FxEnabled":true},"in2DMode":false,"pivot":{"x":5.659124851226807,"y":-3.9038314819335939,"z":-0.40253639221191409},"rotation":{"x":-0.5001831650733948,"y":0.01601845771074295,"z":-0.008998681791126728,"w":-0.8659084439277649},"size":16.802427291870118,"orthographic":false}