{"cameraMode":{"drawMode":0,"name":"Shaded","section":"Shading Mode"},"sceneLighting":true,"audioPlay":false,"sceneViewState":{"m_AlwaysRefresh":false,"showFog":true,"showSkybox":true,"showFlares":true,"showImageEffects":true,"showParticleSystems":true,"showVisualEffectGraphs":true,"m_FxEnabled":true},"in2DMode":false,"pivot":{"x":6.9138078689575199,"y":10.546781539916993,"z":7.581641674041748},"rotation":{"x":-0.008246589452028275,"y":0.8846410512924194,"z":-0.46597594022750857,"w":-0.01565895602107048},"size":5.79390287399292,"orthographic":false}