{"cameraMode":{"drawMode":0,"name":"Shaded","section":"Shading Mode"},"sceneLighting":true,"audioPlay":false,"sceneViewState":{"m_AlwaysRefresh":false,"showFog":true,"showSkybox":true,"showFlares":true,"showImageEffects":true,"showParticleSystems":true,"showVisualEffectGraphs":true,"m_FxEnabled":true},"in2DMode":false,"pivot":{"x":6.726398468017578,"y":-61.671974182128909,"z":60.70729446411133},"rotation":{"x":-0.3833043575286865,"y":0.005629503168165684,"z":-0.002316012280061841,"w":-0.9237736463546753},"size":64.53887939453125,"orthographic":false}