{"cameraMode":{"drawMode":0,"name":"Shaded","section":"Shading Mode"},"sceneLighting":false,"audioPlay":false,"sceneViewState":{"m_AlwaysRefresh":false,"showFog":true,"showSkybox":false,"showFlares":true,"showImageEffects":true,"showParticleSystems":true,"showVisualEffectGraphs":true,"m_FxEnabled":true},"in2DMode":false,"pivot":{"x":-1.3412731885910035,"y":-0.3072688579559326,"z":-2.6083784103393556},"rotation":{"x":0.021554328501224519,"y":-0.9661896228790283,"z":0.24588188529014588,"w":0.07907625287771225},"size":3.558751106262207,"orthographic":false}