{"cameraMode":{"drawMode":0,"name":"Shaded","section":"Shading Mode"},"sceneLighting":false,"audioPlay":false,"sceneViewState":{"m_AlwaysRefresh":false,"showFog":true,"showSkybox":false,"showFlares":true,"showImageEffects":true,"showParticleSystems":true,"showVisualEffectGraphs":true,"m_FxEnabled":true},"in2DMode":false,"pivot":{"x":0.46193015575408938,"y":0.8092941641807556,"z":0.33623623847961428},"rotation":{"x":0.1307278424501419,"y":-0.870919942855835,"z":0.34110158681869509,"w":0.3297850787639618},"size":2.9587512016296388,"orthographic":false}