{"cameraMode":{"drawMode":0,"name":"Shaded","section":"Shading Mode"},"sceneLighting":false,"audioPlay":false,"sceneViewState":{"m_AlwaysRefresh":false,"showFog":true,"showSkybox":false,"showFlares":true,"showImageEffects":true,"showParticleSystems":true,"showVisualEffectGraphs":true,"m_FxEnabled":true},"in2DMode":false,"pivot":{"x":0.2640157639980316,"y":1.3342496156692505,"z":-0.5963051915168762},"rotation":{"x":0.30418723821640017,"y":-0.22380641102790833,"z":0.07374190539121628,"w":0.9231359958648682},"size":0.4330126941204071,"orthographic":false}