{"cameraMode":{"drawMode":0,"name":"Shaded","section":"Shading Mode"},"sceneLighting":false,"audioPlay":false,"sceneViewState":{"m_AlwaysRefresh":false,"showFog":true,"showSkybox":false,"showFlares":true,"showImageEffects":true,"showParticleSystems":true,"showVisualEffectGraphs":true,"m_FxEnabled":true},"in2DMode":false,"pivot":{"x":-0.13709306716918946,"y":0.4200408458709717,"z":1.096132755279541},"rotation":{"x":0.2706969976425171,"y":-0.07759828865528107,"z":0.020367462188005449,"w":0.9596766233444214},"size":4.207394599914551,"orthographic":false}